{"block.piston.contract":{"sounds":[{"name":"tile\/piston\/in","volume":0.05}],"replace":true,"subtitle":"subtitles.block.piston.move"},"block.piston.extend":{"sounds":[{"name":"tile\/piston\/out","volume":0.05}],"replace":true,"subtitle":"subtitles.block.piston.move"},"block.dispenser.dispense":{"sounds":[{"name":"random\/click","volume":0.05}],"replace":true,"subtitle":"subtitles.block.dispenser.dispense"},"block.dispenser.fail":{"sounds":[{"name":"random\/click","volume":0.05}],"replace":true,"subtitle":"subtitles.block.dispenser.fail"},"block.dispenser.launch":{"sounds":[{"name":"random\/bow","volume":0.05}],"replace":true,"subtitle":"subtitles.block.dispenser.dispense"}}