{"textures":{"0":"modelengine:entity/f3267d94f5a35281","1":"modelengine:entity/hana_horn"},"elements":[{"from":[5.714286,8.0,5.714286],"to":[10.285714,12.571428,10.285714],"rotation":{"angle":0.0,"axis":"y","origin":[8.0,-5.714287,8.0]},"faces":{"east":{"uv":[0.0,2.0,2.0,4.0],"rotation":0,"texture":"#0","tintindex":0},"south":{"uv":[6.0,2.0,8.0,4.0],"rotation":0,"texture":"#0","tintindex":0},"north":{"uv":[2.0,2.0,4.0,4.0],"rotation":0,"texture":"#0","tintindex":0},"west":{"uv":[4.0,2.0,6.0,4.0],"rotation":0,"texture":"#0","tintindex":0},"up":{"uv":[4.0,2.0,2.0,0.0],"rotation":0,"texture":"#0","tintindex":0},"down":{"uv":[6.0,0.0,4.0,2.0],"rotation":0,"texture":"#0","tintindex":0}}},{"from":[5.428571,7.714286,5.428571],"to":[10.571428,12.857143,10.571428],"rotation":{"angle":0.0,"axis":"y","origin":[8.0,-5.714287,8.0]},"faces":{"east":{"uv":[8.0,2.0,10.0,4.0],"rotation":0,"texture":"#0","tintindex":0},"south":{"uv":[14.0,2.0,16.0,4.0],"rotation":0,"texture":"#0","tintindex":0},"north":{"uv":[10.0,2.0,12.0,4.0],"rotation":0,"texture":"#0","tintindex":0},"west":{"uv":[12.0,2.0,14.0,4.0],"rotation":0,"texture":"#0","tintindex":0},"up":{"uv":[12.0,2.0,10.0,0.0],"rotation":0,"texture":"#0","tintindex":0},"down":{"uv":[14.0,0.0,12.0,2.0],"rotation":0,"texture":"#0","tintindex":0}}},{"from":[5.742857,12.028572,8.0],"to":[6.3142858,15.457144,8.571428],"rotation":{"angle":22.5,"axis":"z","origin":[5.885714,12.171429,8.0]},"faces":{"east":{"uv":[5.0,2.0,6.0,8.0],"rotation":0,"texture":"#1","tintindex":0},"south":{"uv":[0.0,6.0,1.0,12.0],"rotation":0,"texture":"#1","tintindex":0},"north":{"uv":[4.0,2.0,5.0,8.0],"rotation":0,"texture":"#1","tintindex":0},"west":{"uv":[1.0,6.0,2.0,12.0],"rotation":0,"texture":"#1","tintindex":0},"up":{"uv":[4.0,13.0,3.0,12.0],"rotation":0,"texture":"#1","tintindex":0},"down":{"uv":[11.0,13.0,10.0,14.0],"rotation":0,"texture":"#1","tintindex":0}}},{"from":[4.028571,9.457143,8.571428],"to":[5.6,10.028572,9.142858],"rotation":{"angle":22.5,"axis":"z","origin":[5.885714,12.171429,8.0]},"faces":{"east":{"uv":[6.0,14.0,7.0,15.0],"rotation":0,"texture":"#1","tintindex":0},"south":{"uv":[11.0,8.0,14.0,9.0],"rotation":0,"texture":"#1","tintindex":0},"north":{"uv":[11.0,7.0,14.0,8.0],"rotation":0,"texture":"#1","tintindex":0},"west":{"uv":[14.0,6.0,15.0,7.0],"rotation":0,"texture":"#1","tintindex":0},"up":{"uv":[14.0,10.0,11.0,9.0],"rotation":0,"texture":"#1","tintindex":0},"down":{"uv":[14.0,10.0,11.0,11.0],"rotation":0,"texture":"#1","tintindex":0}}},{"from":[3.6,10.028572,8.0],"to":[5.6,10.6,9.142858],"rotation":{"angle":22.5,"axis":"z","origin":[5.885714,12.171429,8.0]},"faces":{"east":{"uv":[6.0,13.0,8.0,14.0],"rotation":0,"texture":"#1","tintindex":0},"south":{"uv":[8.0,3.0,12.0,4.0],"rotation":0,"texture":"#1","tintindex":0},"north":{"uv":[8.0,2.0,12.0,3.0],"rotation":0,"texture":"#1","tintindex":0},"west":{"uv":[8.0,13.0,10.0,14.0],"rotation":0,"texture":"#1","tintindex":0},"up":{"uv":[4.0,6.0,0.0,4.0],"rotation":0,"texture":"#1","tintindex":0},"down":{"uv":[8.0,0.0,4.0,2.0],"rotation":0,"texture":"#1","tintindex":0}}},{"from":[10.4,10.028572,8.0],"to":[12.4,10.6,9.142858],"rotation":{"angle":-22.5,"axis":"z","origin":[10.114286,12.171429,8.0]},"faces":{"east":{"uv":[0.0,13.0,2.0,14.0],"rotation":0,"texture":"#1","tintindex":0},"south":{"uv":[8.0,1.0,12.0,2.0],"rotation":0,"texture":"#1","tintindex":0},"north":{"uv":[8.0,0.0,12.0,1.0],"rotation":0,"texture":"#1","tintindex":0},"west":{"uv":[2.0,13.0,4.0,14.0],"rotation":0,"texture":"#1","tintindex":0},"up":{"uv":[4.0,2.0,0.0,0.0],"rotation":0,"texture":"#1","tintindex":0},"down":{"uv":[4.0,2.0,0.0,4.0],"rotation":0,"texture":"#1","tintindex":0}}},{"from":[10.4,9.457143,8.571428],"to":[11.971429,10.028572,9.142858],"rotation":{"angle":-22.5,"axis":"z","origin":[10.114286,12.171429,8.0]},"faces":{"east":{"uv":[7.0,14.0,8.0,15.0],"rotation":0,"texture":"#1","tintindex":0},"south":{"uv":[0.0,12.0,3.0,13.0],"rotation":0,"texture":"#1","tintindex":0},"north":{"uv":[11.0,11.0,14.0,12.0],"rotation":0,"texture":"#1","tintindex":0},"west":{"uv":[14.0,7.0,15.0,8.0],"rotation":0,"texture":"#1","tintindex":0},"up":{"uv":[15.0,1.0,12.0,0.0],"rotation":0,"texture":"#1","tintindex":0},"down":{"uv":[15.0,1.0,12.0,2.0],"rotation":0,"texture":"#1","tintindex":0}}},{"from":[4.742857,14.6,8.057143],"to":[5.3142858,16.457144,8.514286],"rotation":{"angle":0.0,"axis":"y","origin":[5.885714,12.171429,8.0]},"faces":{"east":{"uv":[8.0,4.0,9.0,7.0],"rotation":0,"texture":"#1","tintindex":0},"south":{"uv":[5.0,8.0,6.0,11.0],"rotation":0,"texture":"#1","tintindex":0},"north":{"uv":[4.0,8.0,5.0,11.0],"rotation":0,"texture":"#1","tintindex":0},"west":{"uv":[6.0,8.0,7.0,11.0],"rotation":0,"texture":"#1","tintindex":0},"up":{"uv":[12.0,14.0,11.0,13.0],"rotation":0,"texture":"#1","tintindex":0},"down":{"uv":[13.0,13.0,12.0,14.0],"rotation":0,"texture":"#1","tintindex":0}}},{"from":[4.942857,13.028572,8.057143],"to":[5.457143,14.885715,8.514286],"rotation":{"angle":-22.5,"axis":"z","origin":[5.885714,12.171429,8.0]},"faces":{"east":{"uv":[8.0,7.0,9.0,10.0],"rotation":0,"texture":"#1","tintindex":0},"south":{"uv":[9.0,4.0,10.0,7.0],"rotation":0,"texture":"#1","tintindex":0},"north":{"uv":[7.0,8.0,8.0,11.0],"rotation":0,"texture":"#1","tintindex":0},"west":{"uv":[9.0,7.0,10.0,10.0],"rotation":0,"texture":"#1","tintindex":0},"up":{"uv":[14.0,13.0,13.0,12.0],"rotation":0,"texture":"#1","tintindex":0},"down":{"uv":[14.0,13.0,13.0,14.0],"rotation":0,"texture":"#1","tintindex":0}}},{"from":[3.7999997,14.028572,8.057143],"to":[5.028571,14.6,8.514286],"rotation":{"angle":0.0,"axis":"y","origin":[5.885714,12.171429,8.0]},"faces":{"east":{"uv":[0.0,14.0,1.0,15.0],"rotation":0,"texture":"#1","tintindex":0},"south":{"uv":[12.0,2.0,14.0,3.0],"rotation":0,"texture":"#1","tintindex":0},"north":{"uv":[6.0,11.0,8.0,12.0],"rotation":0,"texture":"#1","tintindex":0},"west":{"uv":[1.0,14.0,2.0,15.0],"rotation":0,"texture":"#1","tintindex":0},"up":{"uv":[14.0,4.0,12.0,3.0],"rotation":0,"texture":"#1","tintindex":0},"down":{"uv":[14.0,4.0,12.0,5.0],"rotation":0,"texture":"#1","tintindex":0}}},{"from":[10.542857,13.028572,8.057143],"to":[11.057143,14.885715,8.514286],"rotation":{"angle":22.5,"axis":"z","origin":[10.114286,12.171429,8.0]},"faces":{"east":{"uv":[4.0,11.0,5.0,14.0],"rotation":0,"texture":"#1","tintindex":0},"south":{"uv":[11.0,4.0,12.0,7.0],"rotation":0,"texture":"#1","tintindex":0},"north":{"uv":[10.0,10.0,11.0,13.0],"rotation":0,"texture":"#1","tintindex":0},"west":{"uv":[5.0,11.0,6.0,14.0],"rotation":0,"texture":"#1","tintindex":0},"up":{"uv":[6.0,15.0,5.0,14.0],"rotation":0,"texture":"#1","tintindex":0},"down":{"uv":[15.0,5.0,14.0,6.0],"rotation":0,"texture":"#1","tintindex":0}}},{"from":[9.685715,12.028572,8.0],"to":[10.257143,15.457144,8.571428],"rotation":{"angle":-22.5,"axis":"z","origin":[10.114286,12.171429,8.0]},"faces":{"east":{"uv":[6.0,2.0,7.0,8.0],"rotation":0,"texture":"#1","tintindex":0},"south":{"uv":[3.0,6.0,4.0,12.0],"rotation":0,"texture":"#1","tintindex":0},"north":{"uv":[2.0,6.0,3.0,12.0],"rotation":0,"texture":"#1","tintindex":0},"west":{"uv":[7.0,2.0,8.0,8.0],"rotation":0,"texture":"#1","tintindex":0},"up":{"uv":[5.0,15.0,4.0,14.0],"rotation":0,"texture":"#1","tintindex":0},"down":{"uv":[15.0,4.0,14.0,5.0],"rotation":0,"texture":"#1","tintindex":0}}},{"from":[10.685715,14.6,8.057143],"to":[11.257143,16.457144,8.514286],"rotation":{"angle":0.0,"axis":"y","origin":[10.114286,12.171429,8.0]},"faces":{"east":{"uv":[10.0,7.0,11.0,10.0],"rotation":0,"texture":"#1","tintindex":0},"south":{"uv":[8.0,10.0,9.0,13.0],"rotation":0,"texture":"#1","tintindex":0},"north":{"uv":[10.0,4.0,11.0,7.0],"rotation":0,"texture":"#1","tintindex":0},"west":{"uv":[9.0,10.0,10.0,13.0],"rotation":0,"texture":"#1","tintindex":0},"up":{"uv":[3.0,15.0,2.0,14.0],"rotation":0,"texture":"#1","tintindex":0},"down":{"uv":[15.0,2.0,14.0,3.0],"rotation":0,"texture":"#1","tintindex":0}}},{"from":[10.971429,14.028572,8.057143],"to":[12.200001,14.6,8.514286],"rotation":{"angle":0.0,"axis":"y","origin":[10.114286,12.171429,8.0]},"faces":{"east":{"uv":[3.0,14.0,4.0,15.0],"rotation":0,"texture":"#1","tintindex":0},"south":{"uv":[6.0,12.0,8.0,13.0],"rotation":0,"texture":"#1","tintindex":0},"north":{"uv":[12.0,5.0,14.0,6.0],"rotation":0,"texture":"#1","tintindex":0},"west":{"uv":[14.0,3.0,15.0,4.0],"rotation":0,"texture":"#1","tintindex":0},"up":{"uv":[14.0,7.0,12.0,6.0],"rotation":0,"texture":"#1","tintindex":0},"down":{"uv":[13.0,12.0,11.0,13.0],"rotation":0,"texture":"#1","tintindex":0}}}],"display":{"head":{"translation":[0.0,-6.4,0.0],"scale":[4.0,4.0,4.0]}}}