{"textures":{"0":"modelengine:entity/f3267d94f5a35281"},"elements":[{"from":[6.857143,5.714286,6.857143],"to":[8.571428,9.142858,9.142858],"rotation":{"angle":0.0,"axis":"y","origin":[10.857143,-4.5714293,8.0]},"faces":{"east":{"uv":[8.0,13.0,9.0,14.5],"rotation":0,"texture":"#0","tintindex":0},"south":{"uv":[10.75,13.0,11.5,14.5],"rotation":0,"texture":"#0","tintindex":0},"north":{"uv":[9.0,13.0,9.75,14.5],"rotation":0,"texture":"#0","tintindex":0},"west":{"uv":[9.75,13.0,10.75,14.5],"rotation":0,"texture":"#0","tintindex":0},"up":{"uv":[9.75,13.0,9.0,12.0],"rotation":0,"texture":"#0","tintindex":0},"down":{"uv":[10.5,12.0,9.75,13.0],"rotation":0,"texture":"#0","tintindex":0}}},{"from":[6.714286,5.5714283,6.714286],"to":[8.714286,9.285714,9.285714],"rotation":{"angle":0.0,"axis":"y","origin":[10.857143,-4.5714293,8.0]},"faces":{"east":{"uv":[12.0,13.0,13.0,14.5],"rotation":0,"texture":"#0","tintindex":0},"south":{"uv":[14.75,13.0,15.5,14.5],"rotation":0,"texture":"#0","tintindex":0},"north":{"uv":[13.0,13.0,13.75,14.5],"rotation":0,"texture":"#0","tintindex":0},"west":{"uv":[13.75,13.0,14.75,14.5],"rotation":0,"texture":"#0","tintindex":0},"up":{"uv":[13.75,13.0,13.0,12.0],"rotation":0,"texture":"#0","tintindex":0},"down":{"uv":[14.5,12.0,13.75,13.0],"rotation":0,"texture":"#0","tintindex":0}}}],"display":{"head":{"translation":[0.0,-6.4,0.0],"scale":[4.0,4.0,4.0]}}}