{"textures":{"2":"modelengine:entity/stone_sword"},"elements":[{"from":[7.5285716,5.999898,8.322219],"to":[8.011314,7.4481263,9.770448],"rotation":{"angle":0.0,"axis":"y","origin":[7.5285716,5.999898,12.666905]},"faces":{"east":{"uv":[0.0,13.0,3.0,16.0],"rotation":0,"texture":"#2","tintindex":0},"south":{"uv":[0.0,13.0,1.0,16.0],"rotation":0,"texture":"#2","tintindex":0},"north":{"uv":[2.0,13.0,3.0,16.0],"rotation":0,"texture":"#2","tintindex":0},"west":{"uv":[0.0,13.0,3.0,16.0],"rotation":0,"texture":"#2","tintindex":0},"up":{"uv":[2.0,13.0,3.0,16.0],"rotation":0,"texture":"#2","tintindex":0},"down":{"uv":[0.0,15.0,3.0,16.0],"rotation":0,"texture":"#2","tintindex":0}}},{"from":[7.5285716,7.4481263,7.3567333],"to":[8.011314,8.896355,7.839476],"rotation":{"angle":0.0,"axis":"y","origin":[7.5285716,5.999898,12.666905]},"faces":{"east":{"uv":[3.0,11.0,4.0,14.0],"rotation":0,"texture":"#2","tintindex":0},"south":{"uv":[3.0,11.0,4.0,14.0],"rotation":0,"texture":"#2","tintindex":0},"north":{"uv":[3.0,11.0,4.0,14.0],"rotation":0,"texture":"#2","tintindex":0},"west":{"uv":[3.0,11.0,4.0,14.0],"rotation":0,"texture":"#2","tintindex":0},"up":{"uv":[3.0,11.0,4.0,12.0],"rotation":0,"texture":"#2","tintindex":0},"down":{"uv":[3.0,13.0,4.0,14.0],"rotation":0,"texture":"#2","tintindex":0}}},{"from":[7.5285716,7.9308696,6.8739905],"to":[8.011314,9.379098,7.3567333],"rotation":{"angle":0.0,"axis":"y","origin":[7.5285716,5.999898,12.666905]},"faces":{"east":{"uv":[4.0,10.0,5.0,13.0],"rotation":0,"texture":"#2","tintindex":0},"south":{"uv":[4.0,10.0,5.0,13.0],"rotation":0,"texture":"#2","tintindex":0},"north":{"uv":[4.0,10.0,5.0,13.0],"rotation":0,"texture":"#2","tintindex":0},"west":{"uv":[4.0,10.0,5.0,13.0],"rotation":0,"texture":"#2","tintindex":0},"up":{"uv":[4.0,10.0,5.0,11.0],"rotation":0,"texture":"#2","tintindex":0},"down":{"uv":[4.0,12.0,5.0,13.0],"rotation":0,"texture":"#2","tintindex":0}}},{"from":[7.5285716,8.413612,6.3912477],"to":[8.011314,10.3445835,6.8739905],"rotation":{"angle":0.0,"axis":"y","origin":[7.5285716,5.999898,12.666905]},"faces":{"east":{"uv":[5.0,8.0,6.0,12.0],"rotation":0,"texture":"#2","tintindex":0},"south":{"uv":[5.0,8.0,6.0,12.0],"rotation":0,"texture":"#2","tintindex":0},"north":{"uv":[5.0,8.0,6.0,12.0],"rotation":0,"texture":"#2","tintindex":0},"west":{"uv":[5.0,8.0,6.0,12.0],"rotation":0,"texture":"#2","tintindex":0},"up":{"uv":[5.0,8.0,6.0,9.0],"rotation":0,"texture":"#2","tintindex":0},"down":{"uv":[5.0,11.0,6.0,12.0],"rotation":0,"texture":"#2","tintindex":0}}},{"from":[7.5285716,7.9308696,5.9085045],"to":[8.011314,10.827327,6.3912477],"rotation":{"angle":0.0,"axis":"y","origin":[7.5285716,5.999898,12.666905]},"faces":{"east":{"uv":[6.0,7.0,7.0,13.0],"rotation":0,"texture":"#2","tintindex":0},"south":{"uv":[6.0,7.0,7.0,13.0],"rotation":0,"texture":"#2","tintindex":0},"north":{"uv":[6.0,7.0,7.0,13.0],"rotation":0,"texture":"#2","tintindex":0},"west":{"uv":[6.0,7.0,7.0,13.0],"rotation":0,"texture":"#2","tintindex":0},"up":{"uv":[6.0,7.0,7.0,8.0],"rotation":0,"texture":"#2","tintindex":0},"down":{"uv":[6.0,12.0,7.0,13.0],"rotation":0,"texture":"#2","tintindex":0}}},{"from":[7.5285716,7.9308696,5.4257617],"to":[8.011314,11.31007,5.9085045],"rotation":{"angle":0.0,"axis":"y","origin":[7.5285716,5.999898,12.666905]},"faces":{"east":{"uv":[7.0,6.0,8.0,13.0],"rotation":0,"texture":"#2","tintindex":0},"south":{"uv":[7.0,6.0,8.0,13.0],"rotation":0,"texture":"#2","tintindex":0},"north":{"uv":[7.0,6.0,8.0,13.0],"rotation":0,"texture":"#2","tintindex":0},"west":{"uv":[7.0,6.0,8.0,13.0],"rotation":0,"texture":"#2","tintindex":0},"up":{"uv":[7.0,6.0,8.0,7.0],"rotation":0,"texture":"#2","tintindex":0},"down":{"uv":[7.0,12.0,8.0,13.0],"rotation":0,"texture":"#2","tintindex":0}}},{"from":[7.5285716,9.379098,4.943019],"to":[8.011314,11.792812,5.4257617],"rotation":{"angle":0.0,"axis":"y","origin":[7.5285716,5.999898,12.666905]},"faces":{"east":{"uv":[8.0,5.0,9.0,10.0],"rotation":0,"texture":"#2","tintindex":0},"south":{"uv":[8.0,5.0,9.0,10.0],"rotation":0,"texture":"#2","tintindex":0},"north":{"uv":[9.0,5.0,8.0,10.0],"rotation":0,"texture":"#2","tintindex":0},"west":{"uv":[8.0,5.0,9.0,10.0],"rotation":0,"texture":"#2","tintindex":0},"up":{"uv":[8.0,5.0,9.0,6.0],"rotation":0,"texture":"#2","tintindex":0},"down":{"uv":[8.0,9.0,9.0,10.0],"rotation":0,"texture":"#2","tintindex":0}}},{"from":[7.5285716,9.861841,4.460276],"to":[8.011314,12.275556,4.943019],"rotation":{"angle":0.0,"axis":"y","origin":[7.5285716,5.999898,12.666905]},"faces":{"east":{"uv":[9.0,4.0,10.0,9.0],"rotation":0,"texture":"#2","tintindex":0},"south":{"uv":[9.0,4.0,10.0,9.0],"rotation":0,"texture":"#2","tintindex":0},"north":{"uv":[10.0,4.0,9.0,9.0],"rotation":0,"texture":"#2","tintindex":0},"west":{"uv":[9.0,4.0,10.0,9.0],"rotation":0,"texture":"#2","tintindex":0},"up":{"uv":[9.0,4.0,10.0,5.0],"rotation":0,"texture":"#2","tintindex":0},"down":{"uv":[9.0,8.0,10.0,9.0],"rotation":0,"texture":"#2","tintindex":0}}},{"from":[7.5285716,10.3445835,3.9775333],"to":[8.011314,12.758299,4.460276],"rotation":{"angle":0.0,"axis":"y","origin":[7.5285716,5.999898,12.666905]},"faces":{"east":{"uv":[10.0,3.0,11.0,8.0],"rotation":0,"texture":"#2","tintindex":0},"south":{"uv":[10.0,3.0,11.0,8.0],"rotation":0,"texture":"#2","tintindex":0},"north":{"uv":[11.0,3.0,10.0,8.0],"rotation":0,"texture":"#2","tintindex":0},"west":{"uv":[10.0,3.0,11.0,8.0],"rotation":0,"texture":"#2","tintindex":0},"up":{"uv":[10.0,3.0,11.0,4.0],"rotation":0,"texture":"#2","tintindex":0},"down":{"uv":[10.0,7.0,11.0,8.0],"rotation":0,"texture":"#2","tintindex":0}}},{"from":[7.5285716,10.827327,3.49479],"to":[8.011314,13.241041,3.9775333],"rotation":{"angle":0.0,"axis":"y","origin":[7.5285716,5.999898,12.666905]},"faces":{"east":{"uv":[11.0,2.0,12.0,7.0],"rotation":0,"texture":"#2","tintindex":0},"south":{"uv":[11.0,2.0,12.0,7.0],"rotation":0,"texture":"#2","tintindex":0},"north":{"uv":[12.0,2.0,11.0,7.0],"rotation":0,"texture":"#2","tintindex":0},"west":{"uv":[11.0,2.0,12.0,7.0],"rotation":0,"texture":"#2","tintindex":0},"up":{"uv":[11.0,2.0,12.0,3.0],"rotation":0,"texture":"#2","tintindex":0},"down":{"uv":[11.0,6.0,12.0,7.0],"rotation":0,"texture":"#2","tintindex":0}}},{"from":[7.5285716,11.31007,3.0120473],"to":[8.011314,13.7237835,3.49479],"rotation":{"angle":0.0,"axis":"y","origin":[7.5285716,5.999898,12.666905]},"faces":{"east":{"uv":[12.0,1.0,13.0,6.0],"rotation":0,"texture":"#2","tintindex":0},"south":{"uv":[12.0,1.0,13.0,6.0],"rotation":0,"texture":"#2","tintindex":0},"north":{"uv":[13.0,1.0,12.0,6.0],"rotation":0,"texture":"#2","tintindex":0},"west":{"uv":[12.0,1.0,13.0,6.0],"rotation":0,"texture":"#2","tintindex":0},"up":{"uv":[12.0,1.0,13.0,2.0],"rotation":0,"texture":"#2","tintindex":0},"down":{"uv":[12.0,5.0,13.0,6.0],"rotation":0,"texture":"#2","tintindex":0}}},{"from":[7.5285716,11.792812,2.529304],"to":[8.011314,14.206527,3.0120473],"rotation":{"angle":0.0,"axis":"y","origin":[7.5285716,5.999898,12.666905]},"faces":{"east":{"uv":[13.0,0.0,14.0,5.0],"rotation":0,"texture":"#2","tintindex":0},"south":{"uv":[13.0,0.0,14.0,5.0],"rotation":0,"texture":"#2","tintindex":0},"north":{"uv":[14.0,0.0,13.0,5.0],"rotation":0,"texture":"#2","tintindex":0},"west":{"uv":[13.0,0.0,14.0,5.0],"rotation":0,"texture":"#2","tintindex":0},"up":{"uv":[13.0,0.0,14.0,1.0],"rotation":0,"texture":"#2","tintindex":0},"down":{"uv":[13.0,4.0,14.0,5.0],"rotation":0,"texture":"#2","tintindex":0}}},{"from":[7.5285716,12.275556,2.0465612],"to":[8.011314,14.206527,2.529304],"rotation":{"angle":0.0,"axis":"y","origin":[7.5285716,5.999898,12.666905]},"faces":{"east":{"uv":[14.0,0.0,15.0,4.0],"rotation":0,"texture":"#2","tintindex":0},"south":{"uv":[14.0,0.0,15.0,4.0],"rotation":0,"texture":"#2","tintindex":0},"north":{"uv":[15.0,0.0,14.0,4.0],"rotation":0,"texture":"#2","tintindex":0},"west":{"uv":[14.0,0.0,15.0,4.0],"rotation":0,"texture":"#2","tintindex":0},"up":{"uv":[14.0,0.0,15.0,1.0],"rotation":0,"texture":"#2","tintindex":0},"down":{"uv":[14.0,3.0,15.0,4.0],"rotation":0,"texture":"#2","tintindex":0}}},{"from":[7.5285716,12.758299,1.5638185],"to":[8.011314,14.206527,2.0465612],"rotation":{"angle":0.0,"axis":"y","origin":[7.5285716,5.999898,12.666905]},"faces":{"east":{"uv":[15.0,0.0,16.0,3.0],"rotation":0,"texture":"#2","tintindex":0},"south":{"uv":[15.0,0.0,16.0,3.0],"rotation":0,"texture":"#2","tintindex":0},"north":{"uv":[16.0,0.0,15.0,3.0],"rotation":0,"texture":"#2","tintindex":0},"west":{"uv":[15.0,0.0,16.0,3.0],"rotation":0,"texture":"#2","tintindex":0},"up":{"uv":[15.0,0.0,16.0,1.0],"rotation":0,"texture":"#2","tintindex":0},"down":{"uv":[15.0,2.0,16.0,3.0],"rotation":0,"texture":"#2","tintindex":0}}},{"from":[7.5285716,7.4481263,4.943019],"to":[8.011314,8.896355,5.4257617],"rotation":{"angle":0.0,"axis":"y","origin":[7.5285716,5.999898,12.666905]},"faces":{"east":{"uv":[8.0,11.0,9.0,14.0],"rotation":0,"texture":"#2","tintindex":0},"south":{"uv":[8.0,11.0,9.0,14.0],"rotation":0,"texture":"#2","tintindex":0},"north":{"uv":[8.0,11.0,9.0,14.0],"rotation":0,"texture":"#2","tintindex":0},"west":{"uv":[8.0,11.0,9.0,14.0],"rotation":0,"texture":"#2","tintindex":0},"up":{"uv":[8.0,11.0,9.0,12.0],"rotation":0,"texture":"#2","tintindex":0},"down":{"uv":[8.0,13.0,9.0,14.0],"rotation":0,"texture":"#2","tintindex":0}}},{"from":[7.5285716,7.4481263,4.460276],"to":[8.011314,8.413612,4.943019],"rotation":{"angle":0.0,"axis":"y","origin":[7.5285716,5.999898,12.666905]},"faces":{"east":{"uv":[9.0,12.0,10.0,14.0],"rotation":0,"texture":"#2","tintindex":0},"south":{"uv":[9.0,12.0,10.0,14.0],"rotation":0,"texture":"#2","tintindex":0},"north":{"uv":[9.0,12.0,10.0,14.0],"rotation":0,"texture":"#2","tintindex":0},"west":{"uv":[9.0,12.0,10.0,14.0],"rotation":0,"texture":"#2","tintindex":0},"up":{"uv":[9.0,12.0,10.0,13.0],"rotation":0,"texture":"#2","tintindex":0},"down":{"uv":[9.0,13.0,10.0,14.0],"rotation":0,"texture":"#2","tintindex":0}}},{"from":[7.5285716,9.379098,6.8739905],"to":[8.011314,10.827327,7.3567333],"rotation":{"angle":0.0,"axis":"y","origin":[7.5285716,5.999898,12.666905]},"faces":{"east":{"uv":[4.0,7.0,5.0,10.0],"rotation":0,"texture":"#2","tintindex":0},"south":{"uv":[4.0,7.0,5.0,10.0],"rotation":0,"texture":"#2","tintindex":0},"north":{"uv":[4.0,7.0,5.0,10.0],"rotation":0,"texture":"#2","tintindex":0},"west":{"uv":[4.0,7.0,5.0,10.0],"rotation":0,"texture":"#2","tintindex":0},"up":{"uv":[4.0,7.0,5.0,8.0],"rotation":0,"texture":"#2","tintindex":0},"down":{"uv":[4.0,9.0,5.0,10.0],"rotation":0,"texture":"#2","tintindex":0}}},{"from":[7.5285716,9.379098,7.3567333],"to":[8.011314,11.31007,7.839476],"rotation":{"angle":0.0,"axis":"y","origin":[7.5285716,5.999898,12.666905]},"faces":{"east":{"uv":[3.0,6.0,4.0,10.0],"rotation":0,"texture":"#2","tintindex":0},"south":{"uv":[3.0,6.0,4.0,10.0],"rotation":0,"texture":"#2","tintindex":0},"north":{"uv":[3.0,6.0,4.0,10.0],"rotation":0,"texture":"#2","tintindex":0},"west":{"uv":[3.0,6.0,4.0,10.0],"rotation":0,"texture":"#2","tintindex":0},"up":{"uv":[3.0,6.0,4.0,7.0],"rotation":0,"texture":"#2","tintindex":0},"down":{"uv":[3.0,9.0,4.0,10.0],"rotation":0,"texture":"#2","tintindex":0}}},{"from":[7.5285716,10.3445835,7.839476],"to":[8.011314,11.31007,8.322219],"rotation":{"angle":0.0,"axis":"y","origin":[7.5285716,5.999898,12.666905]},"faces":{"east":{"uv":[2.0,6.0,3.0,8.0],"rotation":0,"texture":"#2","tintindex":0},"south":{"uv":[2.0,6.0,3.0,8.0],"rotation":0,"texture":"#2","tintindex":0},"north":{"uv":[2.0,6.0,3.0,8.0],"rotation":0,"texture":"#2","tintindex":0},"west":{"uv":[2.0,6.0,3.0,8.0],"rotation":0,"texture":"#2","tintindex":0},"up":{"uv":[2.0,6.0,3.0,7.0],"rotation":0,"texture":"#2","tintindex":0},"down":{"uv":[2.0,7.0,3.0,8.0],"rotation":0,"texture":"#2","tintindex":0}}},{"from":[7.5285716,6.9653835,7.839476],"to":[8.011314,8.413612,8.322219],"rotation":{"angle":0.0,"axis":"y","origin":[7.5285716,5.999898,12.666905]},"faces":{"east":{"uv":[2.0,12.0,3.0,15.0],"rotation":0,"texture":"#2","tintindex":0},"south":{"uv":[2.0,12.0,3.0,15.0],"rotation":0,"texture":"#2","tintindex":0},"north":{"uv":[2.0,12.0,3.0,15.0],"rotation":0,"texture":"#2","tintindex":0},"west":{"uv":[2.0,12.0,3.0,15.0],"rotation":0,"texture":"#2","tintindex":0},"up":{"uv":[2.0,12.0,3.0,13.0],"rotation":0,"texture":"#2","tintindex":0},"down":{"uv":[2.0,14.0,3.0,15.0],"rotation":0,"texture":"#2","tintindex":0}}},{"from":[7.5285716,7.4481263,8.322219],"to":[8.011314,7.9308696,8.804962],"rotation":{"angle":0.0,"axis":"y","origin":[7.5285716,5.999898,12.666905]},"faces":{"east":{"uv":[2.0,12.0,3.0,13.0],"rotation":0,"texture":"#2","tintindex":0},"south":{"uv":[2.0,12.0,3.0,13.0],"rotation":0,"texture":"#2","tintindex":0},"north":{"uv":[2.0,12.0,3.0,13.0],"rotation":0,"texture":"#2","tintindex":0},"west":{"uv":[2.0,12.0,3.0,13.0],"rotation":0,"texture":"#2","tintindex":0},"up":{"uv":[2.0,12.0,3.0,13.0],"rotation":0,"texture":"#2","tintindex":0},"down":{"uv":[2.0,12.0,3.0,13.0],"rotation":0,"texture":"#2","tintindex":0}}}],"display":{"head":{"translation":[0.0,-6.4,0.0],"scale":[4.0,4.0,4.0]}}}