{"textures":{"0":"modelengine:entity/light_beam"},"elements":[{"from":[8.0,-15.1428585,3.4285712],"to":[8.0,32.0,12.571428],"rotation":{"angle":0.0,"axis":"y","origin":[8.571428,-5.714287,8.0]},"faces":{"east":{"uv":[0.0,0.0,4.0,13.75],"rotation":0,"texture":"#0","tintindex":0},"south":{"uv":[0.0,0.0,0.0,13.75],"rotation":0,"texture":"#0","tintindex":0},"north":{"uv":[0.0,0.0,0.0,13.75],"rotation":0,"texture":"#0","tintindex":0},"west":{"uv":[4.0,0.0,0.0,13.75],"rotation":0,"texture":"#0","tintindex":0},"up":{"uv":[4.0,0.0,0.0,0.0],"rotation":90,"texture":"#0","tintindex":0},"down":{"uv":[4.0,0.0,0.0,0.0],"rotation":270,"texture":"#0","tintindex":0}}},{"from":[3.4285712,-15.1428585,8.0],"to":[12.571428,32.0,8.0],"rotation":{"angle":0.0,"axis":"y","origin":[8.0,-5.714287,8.0]},"faces":{"east":{"uv":[0.0,0.0,0.0,13.75],"rotation":0,"texture":"#0","tintindex":0},"south":{"uv":[0.0,0.0,4.0,13.75],"rotation":0,"texture":"#0","tintindex":0},"north":{"uv":[4.0,0.0,0.0,13.75],"rotation":0,"texture":"#0","tintindex":0},"west":{"uv":[0.0,0.0,0.0,13.75],"rotation":0,"texture":"#0","tintindex":0},"up":{"uv":[4.0,0.0,0.0,0.0],"rotation":180,"texture":"#0","tintindex":0},"down":{"uv":[4.0,0.0,0.0,0.0],"rotation":180,"texture":"#0","tintindex":0}}}],"display":{"head":{"translation":[0.0,48.457146,0.0],"scale":[4.0,4.0,4.0]}}}