{"textures":{"0":"modelengine:entity/deer_spirit"},"elements":[{"from":[6.992,8.8864,0.6816001],"to":[9.008,10.4992,5.9231997],"rotation":{"angle":0.0,"axis":"y","origin":[7.7984,-4.0160007,5.52]},"faces":{"east":{"uv":[4.875,4.4375,5.6875,4.6875],"rotation":0,"texture":"#0","tintindex":0},"south":{"uv":[11.4375,0.4375,11.75,0.6875],"rotation":0,"texture":"#0","tintindex":0},"north":{"uv":[1.5,7.9375,1.8125,8.1875],"rotation":0,"texture":"#0","tintindex":0},"west":{"uv":[10.125,7.4375,10.9375,7.6875],"rotation":0,"texture":"#0","tintindex":0},"up":{"uv":[3.3125,8.875,3.0,8.0625],"rotation":0,"texture":"#0","tintindex":0},"down":{"uv":[9.75,9.8125,9.4375,10.625],"rotation":0,"texture":"#0","tintindex":0}}},{"from":[6.44,7.5,6.76],"to":[9.56,12.66,10.52],"rotation":{"angle":0.0,"axis":"y","origin":[7.76,-6.8,5.2]},"faces":{"east":{"uv":[9.625,4.25,10.0625,4.9375],"rotation":0,"texture":"#0","tintindex":0},"south":{"uv":[9.625,4.9375,10.0625,5.625],"rotation":0,"texture":"#0","tintindex":0},"north":{"uv":[7.375,9.5,7.8125,10.1875],"rotation":0,"texture":"#0","tintindex":0},"west":{"uv":[1.4375,9.6875,1.875,10.375],"rotation":0,"texture":"#0","tintindex":0},"up":{"uv":[7.375,10.6875,6.9375,10.25],"rotation":0,"texture":"#0","tintindex":0},"down":{"uv":[10.75,0.375,10.3125,0.8125],"rotation":0,"texture":"#0","tintindex":0}}},{"from":[5.4832,6.2656,4.9152],"to":[10.5168,9.592,8.1408],"rotation":{"angle":-22.5,"axis":"x","origin":[7.7984,8.4832,7.5360003]},"faces":{"east":{"uv":[9.8125,3.75,10.3125,4.25],"rotation":0,"texture":"#0","tintindex":0},"south":{"uv":[9.3125,7.125,10.0,7.625],"rotation":0,"texture":"#0","tintindex":0},"north":{"uv":[9.3125,6.625,10.0,7.125],"rotation":0,"texture":"#0","tintindex":0},"west":{"uv":[3.625,9.875,4.125,10.375],"rotation":0,"texture":"#0","tintindex":0},"up":{"uv":[0.6875,9.875,0.0,9.375],"rotation":0,"texture":"#0","tintindex":0},"down":{"uv":[4.1875,9.375,3.5,9.875],"rotation":0,"texture":"#0","tintindex":0}}},{"from":[6.2864,5.80192,3.5040002],"to":[9.7136,8.3824,6.024],"rotation":{"angle":0.0,"axis":"y","origin":[7.7984,8.4832,7.5360003]},"faces":{"east":{"uv":[1.0,6.625,1.375,7.0],"rotation":0,"texture":"#0","tintindex":0},"south":{"uv":[10.0,7.0625,10.5625,7.4375],"rotation":0,"texture":"#0","tintindex":0},"north":{"uv":[10.0,0.0,10.5625,0.375],"rotation":0,"texture":"#0","tintindex":0},"west":{"uv":[10.8125,6.0625,11.1875,6.4375],"rotation":0,"texture":"#0","tintindex":0},"up":{"uv":[10.625,5.25,10.0625,4.875],"rotation":0,"texture":"#0","tintindex":0},"down":{"uv":[10.625,5.25,10.0625,5.625],"rotation":0,"texture":"#0","tintindex":0}}},{"from":[6.36704,8.84608,1.2863998],"to":[9.63296,10.45888,6.528],"rotation":{"angle":-22.5,"axis":"x","origin":[7.73792,10.096,2.6976]},"faces":{"east":{"uv":[10.125,7.6875,10.9375,7.9375],"rotation":0,"texture":"#0","tintindex":0},"south":{"uv":[9.9375,11.0,10.4375,11.25],"rotation":0,"texture":"#0","tintindex":0},"north":{"uv":[10.9375,7.9375,11.4375,8.1875],"rotation":0,"texture":"#0","tintindex":0},"west":{"uv":[10.125,7.9375,10.9375,8.1875],"rotation":0,"texture":"#0","tintindex":0},"up":{"uv":[2.75,9.9375,2.25,9.125],"rotation":0,"texture":"#0","tintindex":0},"down":{"uv":[8.3125,9.125,7.8125,9.9375],"rotation":0,"texture":"#0","tintindex":0}}},{"from":[5.56064,9.65248,3.9475198],"to":[6.7097597,11.063681,6.528],"rotation":{"angle":-22.5,"axis":"x","origin":[7.73792,10.096,2.6976]},"faces":{"east":{"uv":[11.0625,11.1875,11.4375,11.4375],"rotation":0,"texture":"#0","tintindex":0},"south":{"uv":[0.8125,10.375,1.0,10.625],"rotation":0,"texture":"#0","tintindex":0},"north":{"uv":[6.625,7.625,6.8125,7.875],"rotation":0,"texture":"#0","tintindex":0},"west":{"uv":[11.25,6.3125,11.625,6.5625],"rotation":0,"texture":"#0","tintindex":0},"up":{"uv":[4.875,3.25,4.6875,2.875],"rotation":0,"texture":"#0","tintindex":0},"down":{"uv":[9.5,7.625,9.3125,8.0],"rotation":0,"texture":"#0","tintindex":0}}},{"from":[5.2159996,12.232,6.328],"to":[6.944,17.152,8.2],"rotation":{"angle":22.5,"axis":"z","origin":[6.248,12.4,7.12]},"faces":{"east":{"uv":[7.375,3.1875,7.625,3.8125],"rotation":0,"texture":"#0","tintindex":0},"south":{"uv":[7.625,4.6875,7.875,5.3125],"rotation":0,"texture":"#0","tintindex":0},"north":{"uv":[2.4375,7.0,2.6875,7.625],"rotation":0,"texture":"#0","tintindex":0},"west":{"uv":[2.75,9.125,3.0,9.75],"rotation":0,"texture":"#0","tintindex":0},"up":{"uv":[11.75,6.9375,11.5,6.6875],"rotation":0,"texture":"#0","tintindex":0},"down":{"uv":[11.75,8.8125,11.5,9.0625],"rotation":0,"texture":"#0","tintindex":0}}},{"from":[4.3759995,10.0720005,5.608],"to":[5.5039997,14.992001,6.88],"rotation":{"angle":22.5,"axis":"x","origin":[6.248,12.4,7.12]},"faces":{"east":{"uv":[3.75,4.0,3.9375,4.625],"rotation":0,"texture":"#0","tintindex":0},"south":{"uv":[6.9375,0.9375,7.0625,1.5625],"rotation":0,"texture":"#0","tintindex":0},"north":{"uv":[6.4375,1.6875,6.5625,2.3125],"rotation":0,"texture":"#0","tintindex":0},"west":{"uv":[6.625,7.0,6.8125,7.625],"rotation":0,"texture":"#0","tintindex":0},"up":{"uv":[6.5625,2.5,6.4375,2.3125],"rotation":0,"texture":"#0","tintindex":0},"down":{"uv":[3.875,7.4375,3.75,7.625],"rotation":0,"texture":"#0","tintindex":0}}},{"from":[3.5359998,15.952,7.888],"to":[4.784,19.192001,9.4],"rotation":{"angle":-22.5,"axis":"x","origin":[6.248,12.4,7.12]},"faces":{"east":{"uv":[0.0,11.4375,0.1875,11.875],"rotation":0,"texture":"#0","tintindex":0},"south":{"uv":[11.4375,0.0,11.625,0.4375],"rotation":0,"texture":"#0","tintindex":0},"north":{"uv":[5.3125,11.125,5.5,11.5625],"rotation":0,"texture":"#0","tintindex":0},"west":{"uv":[0.8125,11.4375,1.0,11.875],"rotation":0,"texture":"#0","tintindex":0},"up":{"uv":[10.0,6.625,9.8125,6.4375],"rotation":0,"texture":"#0","tintindex":0},"down":{"uv":[3.625,10.5,3.4375,10.6875],"rotation":0,"texture":"#0","tintindex":0}}},{"from":[1.1360002,17.751999,5.368],"to":[2.1439996,19.792,6.2799997],"rotation":{"angle":-22.5,"axis":"z","origin":[6.248,12.4,7.12]},"faces":{"east":{"uv":[1.75,10.375,1.875,10.625],"rotation":0,"texture":"#0","tintindex":0},"south":{"uv":[10.6875,1.1875,10.8125,1.4375],"rotation":0,"texture":"#0","tintindex":0},"north":{"uv":[7.6875,10.1875,7.8125,10.4375],"rotation":0,"texture":"#0","tintindex":0},"west":{"uv":[9.9375,10.75,10.0625,11.0],"rotation":0,"texture":"#0","tintindex":0},"up":{"uv":[7.0625,1.6875,6.9375,1.5625],"rotation":0,"texture":"#0","tintindex":0},"down":{"uv":[10.25,8.5,10.125,8.625],"rotation":0,"texture":"#0","tintindex":0}}},{"from":[-1.0240002,17.272,5.488],"to":[-0.3760004,18.712002,6.04],"rotation":{"angle":-45.0,"axis":"z","origin":[6.248,12.4,7.12]},"faces":{"east":{"uv":[3.875,2.3125,3.9375,2.5],"rotation":0,"texture":"#0","tintindex":0},"south":{"uv":[4.625,1.25,4.6875,1.4375],"rotation":0,"texture":"#0","tintindex":0},"north":{"uv":[1.75,3.8125,1.8125,4.0],"rotation":0,"texture":"#0","tintindex":0},"west":{"uv":[7.375,8.1875,7.4375,8.375],"rotation":0,"texture":"#0","tintindex":0},"up":{"uv":[3.9375,4.6875,3.875,4.625],"rotation":0,"texture":"#0","tintindex":0},"down":{"uv":[6.4375,1.5,6.375,1.5625],"rotation":0,"texture":"#0","tintindex":0}}},{"from":[-0.06400013,17.152,9.088],"to":[0.704,18.952,10.0],"rotation":{"angle":-45.0,"axis":"x","origin":[2.5279999,14.32,7.12]},"faces":{"east":{"uv":[6.5,10.875,6.625,11.125],"rotation":0,"texture":"#0","tintindex":0},"south":{"uv":[8.5,11.75,8.625,12.0],"rotation":0,"texture":"#0","tintindex":0},"north":{"uv":[5.0,10.8125,5.125,11.0625],"rotation":0,"texture":"#0","tintindex":0},"west":{"uv":[8.625,11.75,8.75,12.0],"rotation":0,"texture":"#0","tintindex":0},"up":{"uv":[10.8125,6.1875,10.6875,6.0625],"rotation":0,"texture":"#0","tintindex":0},"down":{"uv":[10.4375,11.25,10.3125,11.375],"rotation":0,"texture":"#0","tintindex":0}}},{"from":[-1.6239996,17.872002,5.488],"to":[-0.9760008,19.912,5.92],"rotation":{"angle":-22.5,"axis":"z","origin":[2.5279999,14.32,7.12]},"faces":{"east":{"uv":[2.6875,10.25,2.75,10.5],"rotation":0,"texture":"#0","tintindex":0},"south":{"uv":[4.6875,10.875,4.75,11.125],"rotation":0,"texture":"#0","tintindex":0},"north":{"uv":[2.1875,9.6875,2.25,9.9375],"rotation":0,"texture":"#0","tintindex":0},"west":{"uv":[1.125,11.125,1.1875,11.375],"rotation":0,"texture":"#0","tintindex":0},"up":{"uv":[6.8125,5.3125,6.75,5.25],"rotation":0,"texture":"#0","tintindex":0},"down":{"uv":[1.4375,6.9375,1.375,7.0],"rotation":0,"texture":"#0","tintindex":0}}},{"from":[-3.9040003,14.512001,6.928],"to":[2.9839997,16.072,8.56],"rotation":{"angle":-22.5,"axis":"z","origin":[6.248,12.4,7.12]},"faces":{"east":{"uv":[1.1875,10.6875,1.375,10.875],"rotation":0,"texture":"#0","tintindex":0},"south":{"uv":[10.5,2.0625,11.375,2.25],"rotation":0,"texture":"#0","tintindex":0},"north":{"uv":[10.4375,4.6875,11.3125,4.875],"rotation":0,"texture":"#0","tintindex":0},"west":{"uv":[2.375,10.9375,2.5625,11.125],"rotation":0,"texture":"#0","tintindex":0},"up":{"uv":[11.375,2.4375,10.5,2.25],"rotation":0,"texture":"#0","tintindex":0},"down":{"uv":[11.375,2.4375,10.5,2.625],"rotation":0,"texture":"#0","tintindex":0}}},{"from":[-7.5039997,17.751999,7.408],"to":[-0.6160002,19.312,9.04],"rotation":{"angle":0.0,"axis":"y","origin":[6.248,12.4,7.12]},"faces":{"east":{"uv":[8.625,10.9375,8.8125,11.125],"rotation":0,"texture":"#0","tintindex":0},"south":{"uv":[10.5,2.625,11.375,2.8125],"rotation":0,"texture":"#0","tintindex":0},"north":{"uv":[2.5625,10.5,3.4375,10.6875],"rotation":0,"texture":"#0","tintindex":0},"west":{"uv":[11.5625,1.8125,11.75,2.0],"rotation":0,"texture":"#0","tintindex":0},"up":{"uv":[11.4375,0.1875,10.5625,0.0],"rotation":0,"texture":"#0","tintindex":0},"down":{"uv":[11.4375,0.1875,10.5625,0.375],"rotation":0,"texture":"#0","tintindex":0}}},{"from":[-3.4239998,19.552,8.008],"to":[2.8639998,20.392,9.04],"rotation":{"angle":22.5,"axis":"z","origin":[6.248,12.4,7.12]},"faces":{"east":{"uv":[11.375,5.875,11.5,6.0],"rotation":0,"texture":"#0","tintindex":0},"south":{"uv":[11.0625,1.6875,11.875,1.8125],"rotation":0,"texture":"#0","tintindex":0},"north":{"uv":[11.0625,1.5625,11.875,1.6875],"rotation":0,"texture":"#0","tintindex":0},"west":{"uv":[11.5,6.1875,11.625,6.3125],"rotation":0,"texture":"#0","tintindex":0},"up":{"uv":[11.875,10.25,11.0625,10.125],"rotation":0,"texture":"#0","tintindex":0},"down":{"uv":[11.875,10.25,11.0625,10.375],"rotation":0,"texture":"#0","tintindex":0}}},{"from":[-7.6240005,15.592,8.128],"to":[-5.0559998,16.192001,8.92],"rotation":{"angle":0.0,"axis":"y","origin":[6.248,12.4,7.12]},"faces":{"east":{"uv":[3.75,4.625,3.875,4.6875],"rotation":0,"texture":"#0","tintindex":0},"south":{"uv":[7.6875,3.125,8.0,3.1875],"rotation":0,"texture":"#0","tintindex":0},"north":{"uv":[6.0625,1.5,6.375,1.5625],"rotation":0,"texture":"#0","tintindex":0},"west":{"uv":[5.5625,4.375,5.6875,4.4375],"rotation":0,"texture":"#0","tintindex":0},"up":{"uv":[6.3125,7.0,6.0,6.875],"rotation":0,"texture":"#0","tintindex":0},"down":{"uv":[10.3125,0.375,10.0,0.5],"rotation":0,"texture":"#0","tintindex":0}}},{"from":[-3.6640005,21.832,7.888],"to":[-2.5360003,24.592001,9.04],"rotation":{"angle":22.5,"axis":"x","origin":[-3.3520002,19.119999,7.12]},"faces":{"east":{"uv":[5.125,10.3125,5.25,10.6875],"rotation":0,"texture":"#0","tintindex":0},"south":{"uv":[0.3125,10.5,0.4375,10.875],"rotation":0,"texture":"#0","tintindex":0},"north":{"uv":[5.4375,2.5,5.5625,2.875],"rotation":0,"texture":"#0","tintindex":0},"west":{"uv":[10.75,9.75,10.875,10.125],"rotation":0,"texture":"#0","tintindex":0},"up":{"uv":[11.625,9.4375,11.5,9.3125],"rotation":0,"texture":"#0","tintindex":0},"down":{"uv":[10.3125,11.5,10.1875,11.625],"rotation":0,"texture":"#0","tintindex":0}}},{"from":[-10.983999,22.552002,6.448],"to":[-10.096001,25.312,7.36],"rotation":{"angle":22.5,"axis":"x","origin":[-3.3520002,19.119999,7.12]},"faces":{"east":{"uv":[11.6875,8.4375,11.8125,8.8125],"rotation":0,"texture":"#0","tintindex":0},"south":{"uv":[3.5,11.75,3.625,12.125],"rotation":0,"texture":"#0","tintindex":0},"north":{"uv":[2.0,11.0625,2.125,11.4375],"rotation":0,"texture":"#0","tintindex":0},"west":{"uv":[3.625,11.75,3.75,12.125],"rotation":0,"texture":"#0","tintindex":0},"up":{"uv":[11.9375,4.75,11.8125,4.625],"rotation":0,"texture":"#0","tintindex":0},"down":{"uv":[11.9375,4.75,11.8125,4.875],"rotation":0,"texture":"#0","tintindex":0}}},{"from":[-2.7040005,18.112,8.488],"to":[-1.5760002,21.352001,9.64],"rotation":{"angle":22.5,"axis":"z","origin":[-3.3520002,19.119999,7.12]},"faces":{"east":{"uv":[4.0,10.375,4.125,10.8125],"rotation":0,"texture":"#0","tintindex":0},"south":{"uv":[5.3125,11.5625,5.4375,12.0],"rotation":0,"texture":"#0","tintindex":0},"north":{"uv":[5.25,7.625,5.375,8.0625],"rotation":0,"texture":"#0","tintindex":0},"west":{"uv":[9.5625,11.5625,9.6875,12.0],"rotation":0,"texture":"#0","tintindex":0},"up":{"uv":[11.9375,5.0,11.8125,4.875],"rotation":0,"texture":"#0","tintindex":0},"down":{"uv":[11.9375,5.0,11.8125,5.125],"rotation":0,"texture":"#0","tintindex":0}}},{"from":[-5.9440002,19.792,8.488],"to":[-5.0559998,23.272,9.64],"rotation":{"angle":22.5,"axis":"z","origin":[-3.3520002,19.119999,7.12]},"faces":{"east":{"uv":[10.9375,11.625,11.0625,12.0625],"rotation":0,"texture":"#0","tintindex":0},"south":{"uv":[11.6875,9.3125,11.8125,9.75],"rotation":0,"texture":"#0","tintindex":0},"north":{"uv":[4.25,11.625,4.375,12.0625],"rotation":0,"texture":"#0","tintindex":0},"west":{"uv":[11.5625,11.6875,11.6875,12.125],"rotation":0,"texture":"#0","tintindex":0},"up":{"uv":[5.5625,11.9375,5.4375,11.8125],"rotation":0,"texture":"#0","tintindex":0},"down":{"uv":[11.9375,5.4375,11.8125,5.5625],"rotation":0,"texture":"#0","tintindex":0}}},{"from":[-7.144,21.592,8.728],"to":[-6.4960012,23.872002,9.28],"rotation":{"angle":0.0,"axis":"y","origin":[-3.3520002,19.119999,7.12]},"faces":{"east":{"uv":[5.6875,4.375,5.75,4.6875],"rotation":0,"texture":"#0","tintindex":0},"south":{"uv":[1.375,6.625,1.4375,6.9375],"rotation":0,"texture":"#0","tintindex":0},"north":{"uv":[3.875,2.0,3.9375,2.3125],"rotation":0,"texture":"#0","tintindex":0},"west":{"uv":[6.75,4.9375,6.8125,5.25],"rotation":0,"texture":"#0","tintindex":0},"up":{"uv":[7.5625,4.375,7.5,4.3125],"rotation":0,"texture":"#0","tintindex":0},"down":{"uv":[7.8125,5.3125,7.75,5.375],"rotation":0,"texture":"#0","tintindex":0}}},{"from":[-4.5040007,22.552002,9.928],"to":[-3.856,26.632002,10.72],"rotation":{"angle":-22.5,"axis":"z","origin":[-3.3520002,19.119999,7.12]},"faces":{"east":{"uv":[3.125,11.4375,3.25,12.0],"rotation":0,"texture":"#0","tintindex":0},"south":{"uv":[3.875,1.4375,3.9375,2.0],"rotation":0,"texture":"#0","tintindex":0},"north":{"uv":[1.75,3.25,1.8125,3.8125],"rotation":0,"texture":"#0","tintindex":0},"west":{"uv":[5.1875,11.4375,5.3125,12.0],"rotation":0,"texture":"#0","tintindex":0},"up":{"uv":[5.4375,1.25,5.375,1.125],"rotation":0,"texture":"#0","tintindex":0},"down":{"uv":[9.25,6.0,9.1875,6.125],"rotation":0,"texture":"#0","tintindex":0}}},{"from":[-3.7839994,22.911999,9.928],"to":[-3.1360006,27.112,10.72],"rotation":{"angle":0.0,"axis":"y","origin":[-3.3520002,19.119999,7.12]},"faces":{"east":{"uv":[7.0,11.4375,7.125,12.0],"rotation":0,"texture":"#0","tintindex":0},"south":{"uv":[5.375,0.5625,5.4375,1.125],"rotation":0,"texture":"#0","tintindex":0},"north":{"uv":[5.375,0.0,5.4375,0.5625],"rotation":0,"texture":"#0","tintindex":0},"west":{"uv":[9.1875,11.4375,9.3125,12.0],"rotation":0,"texture":"#0","tintindex":0},"up":{"uv":[9.3125,7.0625,9.25,6.9375],"rotation":0,"texture":"#0","tintindex":0},"down":{"uv":[9.5625,1.75,9.5,1.875],"rotation":0,"texture":"#0","tintindex":0}}},{"from":[-6.7839994,26.152,10.048],"to":[-6.1360006,28.432001,10.6],"rotation":{"angle":-22.5,"axis":"z","origin":[-3.3520002,19.119999,7.12]},"faces":{"east":{"uv":[1.4375,9.1875,1.5,9.5],"rotation":0,"texture":"#0","tintindex":0},"south":{"uv":[9.25,6.625,9.3125,6.9375],"rotation":0,"texture":"#0","tintindex":0},"north":{"uv":[7.375,7.875,7.4375,8.1875],"rotation":0,"texture":"#0","tintindex":0},"west":{"uv":[6.9375,9.5625,7.0,9.875],"rotation":0,"texture":"#0","tintindex":0},"up":{"uv":[7.875,5.375,7.8125,5.3125],"rotation":0,"texture":"#0","tintindex":0},"down":{"uv":[2.5,8.0,2.4375,8.0625],"rotation":0,"texture":"#0","tintindex":0}}},{"from":[-13.024,6.712,7.648],"to":[-7.4560003,7.912,8.68],"rotation":{"angle":-45.0,"axis":"z","origin":[6.248,12.4,7.12]},"faces":{"east":{"uv":[8.3125,9.75,8.4375,9.9375],"rotation":0,"texture":"#0","tintindex":0},"south":{"uv":[10.8125,1.8125,11.5625,2.0],"rotation":0,"texture":"#0","tintindex":0},"north":{"uv":[10.75,6.75,11.5,6.9375],"rotation":0,"texture":"#0","tintindex":0},"west":{"uv":[10.0,7.4375,10.125,7.625],"rotation":0,"texture":"#0","tintindex":0},"up":{"uv":[11.875,0.8125,11.125,0.6875],"rotation":0,"texture":"#0","tintindex":0},"down":{"uv":[11.875,3.125,11.125,3.25],"rotation":0,"texture":"#0","tintindex":0}}},{"from":[13.856001,17.751999,5.368],"to":[14.864,19.792,6.2799997],"rotation":{"angle":22.5,"axis":"z","origin":[9.752,12.4,7.12]},"faces":{"east":{"uv":[10.0625,10.75,9.9375,11.0],"rotation":0,"texture":"#0","tintindex":0},"south":{"uv":[10.8125,1.1875,10.6875,1.4375],"rotation":0,"texture":"#0","tintindex":0},"north":{"uv":[7.8125,10.1875,7.6875,10.4375],"rotation":0,"texture":"#0","tintindex":0},"west":{"uv":[1.875,10.375,1.75,10.625],"rotation":0,"texture":"#0","tintindex":0},"up":{"uv":[6.9375,1.6875,7.0625,1.5625],"rotation":0,"texture":"#0","tintindex":0},"down":{"uv":[10.125,8.5,10.25,8.625],"rotation":0,"texture":"#0","tintindex":0}}},{"from":[16.376,17.272,5.488],"to":[17.024,18.712002,6.04],"rotation":{"angle":45.0,"axis":"z","origin":[9.752,12.4,7.12]},"faces":{"east":{"uv":[7.4375,8.1875,7.375,8.375],"rotation":0,"texture":"#0","tintindex":0},"south":{"uv":[4.6875,1.25,4.625,1.4375],"rotation":0,"texture":"#0","tintindex":0},"north":{"uv":[1.8125,3.8125,1.75,4.0],"rotation":0,"texture":"#0","tintindex":0},"west":{"uv":[3.9375,2.3125,3.875,2.5],"rotation":0,"texture":"#0","tintindex":0},"up":{"uv":[3.875,4.6875,3.9375,4.625],"rotation":0,"texture":"#0","tintindex":0},"down":{"uv":[6.375,1.5,6.4375,1.5625],"rotation":0,"texture":"#0","tintindex":0}}},{"from":[11.216,15.952,7.888],"to":[12.464001,19.192001,9.4],"rotation":{"angle":-22.5,"axis":"x","origin":[9.752,12.4,7.12]},"faces":{"east":{"uv":[1.0,11.4375,0.8125,11.875],"rotation":0,"texture":"#0","tintindex":0},"south":{"uv":[11.625,0.0,11.4375,0.4375],"rotation":0,"texture":"#0","tintindex":0},"north":{"uv":[5.5,11.125,5.3125,11.5625],"rotation":0,"texture":"#0","tintindex":0},"west":{"uv":[0.1875,11.4375,0.0,11.875],"rotation":0,"texture":"#0","tintindex":0},"up":{"uv":[9.8125,6.625,10.0,6.4375],"rotation":0,"texture":"#0","tintindex":0},"down":{"uv":[3.4375,10.5,3.625,10.6875],"rotation":0,"texture":"#0","tintindex":0}}},{"from":[9.056,12.232,6.328],"to":[10.784,17.152,8.2],"rotation":{"angle":-22.5,"axis":"z","origin":[9.752,12.4,7.12]},"faces":{"east":{"uv":[3.0,9.125,2.75,9.75],"rotation":0,"texture":"#0","tintindex":0},"south":{"uv":[7.875,4.6875,7.625,5.3125],"rotation":0,"texture":"#0","tintindex":0},"north":{"uv":[2.6875,7.0,2.4375,7.625],"rotation":0,"texture":"#0","tintindex":0},"west":{"uv":[7.625,3.1875,7.375,3.8125],"rotation":0,"texture":"#0","tintindex":0},"up":{"uv":[11.5,6.9375,11.75,6.6875],"rotation":0,"texture":"#0","tintindex":0},"down":{"uv":[11.5,8.8125,11.75,9.0625],"rotation":0,"texture":"#0","tintindex":0}}},{"from":[10.496,10.0720005,5.608],"to":[11.624001,14.992001,6.88],"rotation":{"angle":22.5,"axis":"x","origin":[9.752,12.4,7.12]},"faces":{"east":{"uv":[6.8125,7.0,6.625,7.625],"rotation":0,"texture":"#0","tintindex":0},"south":{"uv":[7.0625,0.9375,6.9375,1.5625],"rotation":0,"texture":"#0","tintindex":0},"north":{"uv":[6.5625,1.6875,6.4375,2.3125],"rotation":0,"texture":"#0","tintindex":0},"west":{"uv":[3.9375,4.0,3.75,4.625],"rotation":0,"texture":"#0","tintindex":0},"up":{"uv":[6.4375,2.5,6.5625,2.3125],"rotation":0,"texture":"#0","tintindex":0},"down":{"uv":[3.75,7.4375,3.875,7.625],"rotation":0,"texture":"#0","tintindex":0}}},{"from":[13.016001,14.512001,6.928],"to":[19.904,16.072,8.56],"rotation":{"angle":22.5,"axis":"z","origin":[9.752,12.4,7.12]},"faces":{"east":{"uv":[2.5625,10.9375,2.375,11.125],"rotation":0,"texture":"#0","tintindex":0},"south":{"uv":[11.375,2.0625,10.5,2.25],"rotation":0,"texture":"#0","tintindex":0},"north":{"uv":[11.3125,4.6875,10.4375,4.875],"rotation":0,"texture":"#0","tintindex":0},"west":{"uv":[1.375,10.6875,1.1875,10.875],"rotation":0,"texture":"#0","tintindex":0},"up":{"uv":[10.5,2.4375,11.375,2.25],"rotation":0,"texture":"#0","tintindex":0},"down":{"uv":[10.5,2.4375,11.375,2.625],"rotation":0,"texture":"#0","tintindex":0}}},{"from":[15.296,17.152,9.088],"to":[16.064,18.952,10.0],"rotation":{"angle":-45.0,"axis":"x","origin":[13.472,14.32,7.12]},"faces":{"east":{"uv":[8.75,11.75,8.625,12.0],"rotation":0,"texture":"#0","tintindex":0},"south":{"uv":[8.625,11.75,8.5,12.0],"rotation":0,"texture":"#0","tintindex":0},"north":{"uv":[5.125,10.8125,5.0,11.0625],"rotation":0,"texture":"#0","tintindex":0},"west":{"uv":[6.625,10.875,6.5,11.125],"rotation":0,"texture":"#0","tintindex":0},"up":{"uv":[10.6875,6.1875,10.8125,6.0625],"rotation":0,"texture":"#0","tintindex":0},"down":{"uv":[10.3125,11.25,10.4375,11.375],"rotation":0,"texture":"#0","tintindex":0}}},{"from":[16.976002,17.872002,5.488],"to":[17.624,19.912,5.92],"rotation":{"angle":22.5,"axis":"z","origin":[13.472,14.32,7.12]},"faces":{"east":{"uv":[1.1875,11.125,1.125,11.375],"rotation":0,"texture":"#0","tintindex":0},"south":{"uv":[4.75,10.875,4.6875,11.125],"rotation":0,"texture":"#0","tintindex":0},"north":{"uv":[2.25,9.6875,2.1875,9.9375],"rotation":0,"texture":"#0","tintindex":0},"west":{"uv":[2.75,10.25,2.6875,10.5],"rotation":0,"texture":"#0","tintindex":0},"up":{"uv":[6.75,5.3125,6.8125,5.25],"rotation":0,"texture":"#0","tintindex":0},"down":{"uv":[1.375,6.9375,1.4375,7.0],"rotation":0,"texture":"#0","tintindex":0}}},{"from":[13.136,19.552,8.008],"to":[19.424,20.392,9.04],"rotation":{"angle":-22.5,"axis":"z","origin":[9.752,12.4,7.12]},"faces":{"east":{"uv":[11.625,6.1875,11.5,6.3125],"rotation":0,"texture":"#0","tintindex":0},"south":{"uv":[11.875,1.6875,11.0625,1.8125],"rotation":0,"texture":"#0","tintindex":0},"north":{"uv":[11.875,1.5625,11.0625,1.6875],"rotation":0,"texture":"#0","tintindex":0},"west":{"uv":[11.5,5.875,11.375,6.0],"rotation":0,"texture":"#0","tintindex":0},"up":{"uv":[11.0625,10.25,11.875,10.125],"rotation":0,"texture":"#0","tintindex":0},"down":{"uv":[11.0625,10.25,11.875,10.375],"rotation":0,"texture":"#0","tintindex":0}}},{"from":[16.616001,17.751999,7.408],"to":[23.504,19.312,9.04],"rotation":{"angle":0.0,"axis":"y","origin":[9.752,12.4,7.12]},"faces":{"east":{"uv":[11.75,1.8125,11.5625,2.0],"rotation":0,"texture":"#0","tintindex":0},"south":{"uv":[11.375,2.625,10.5,2.8125],"rotation":0,"texture":"#0","tintindex":0},"north":{"uv":[3.4375,10.5,2.5625,10.6875],"rotation":0,"texture":"#0","tintindex":0},"west":{"uv":[8.8125,10.9375,8.625,11.125],"rotation":0,"texture":"#0","tintindex":0},"up":{"uv":[10.5625,0.1875,11.4375,0.0],"rotation":0,"texture":"#0","tintindex":0},"down":{"uv":[10.5625,0.1875,11.4375,0.375],"rotation":0,"texture":"#0","tintindex":0}}},{"from":[21.056,15.592,8.128],"to":[23.624,16.192001,8.92],"rotation":{"angle":0.0,"axis":"y","origin":[9.752,12.4,7.12]},"faces":{"east":{"uv":[5.6875,4.375,5.5625,4.4375],"rotation":0,"texture":"#0","tintindex":0},"south":{"uv":[8.0,3.125,7.6875,3.1875],"rotation":0,"texture":"#0","tintindex":0},"north":{"uv":[6.375,1.5,6.0625,1.5625],"rotation":0,"texture":"#0","tintindex":0},"west":{"uv":[3.875,4.625,3.75,4.6875],"rotation":0,"texture":"#0","tintindex":0},"up":{"uv":[6.0,7.0,6.3125,6.875],"rotation":0,"texture":"#0","tintindex":0},"down":{"uv":[10.0,0.375,10.3125,0.5],"rotation":0,"texture":"#0","tintindex":0}}},{"from":[23.456001,6.712,7.648],"to":[29.024,7.912,8.68],"rotation":{"angle":45.0,"axis":"z","origin":[9.752,12.4,7.12]},"faces":{"east":{"uv":[10.125,7.4375,10.0,7.625],"rotation":0,"texture":"#0","tintindex":0},"south":{"uv":[11.5625,1.8125,10.8125,2.0],"rotation":0,"texture":"#0","tintindex":0},"north":{"uv":[11.5,6.75,10.75,6.9375],"rotation":0,"texture":"#0","tintindex":0},"west":{"uv":[8.4375,9.75,8.3125,9.9375],"rotation":0,"texture":"#0","tintindex":0},"up":{"uv":[11.125,0.8125,11.875,0.6875],"rotation":0,"texture":"#0","tintindex":0},"down":{"uv":[11.125,3.125,11.875,3.25],"rotation":0,"texture":"#0","tintindex":0}}},{"from":[26.096,22.552002,6.448],"to":[26.984,25.312,7.36],"rotation":{"angle":22.5,"axis":"x","origin":[19.352001,19.119999,7.12]},"faces":{"east":{"uv":[3.75,11.75,3.625,12.125],"rotation":0,"texture":"#0","tintindex":0},"south":{"uv":[3.625,11.75,3.5,12.125],"rotation":0,"texture":"#0","tintindex":0},"north":{"uv":[2.125,11.0625,2.0,11.4375],"rotation":0,"texture":"#0","tintindex":0},"west":{"uv":[11.8125,8.4375,11.6875,8.8125],"rotation":0,"texture":"#0","tintindex":0},"up":{"uv":[11.8125,4.75,11.9375,4.625],"rotation":0,"texture":"#0","tintindex":0},"down":{"uv":[11.8125,4.75,11.9375,4.875],"rotation":0,"texture":"#0","tintindex":0}}},{"from":[22.496002,21.592,8.728],"to":[23.144001,23.872002,9.28],"rotation":{"angle":0.0,"axis":"y","origin":[19.352001,19.119999,7.12]},"faces":{"east":{"uv":[6.8125,4.9375,6.75,5.25],"rotation":0,"texture":"#0","tintindex":0},"south":{"uv":[1.4375,6.625,1.375,6.9375],"rotation":0,"texture":"#0","tintindex":0},"north":{"uv":[3.9375,2.0,3.875,2.3125],"rotation":0,"texture":"#0","tintindex":0},"west":{"uv":[5.75,4.375,5.6875,4.6875],"rotation":0,"texture":"#0","tintindex":0},"up":{"uv":[7.5,4.375,7.5625,4.3125],"rotation":0,"texture":"#0","tintindex":0},"down":{"uv":[7.75,5.3125,7.8125,5.375],"rotation":0,"texture":"#0","tintindex":0}}},{"from":[21.056,19.792,8.488],"to":[21.944,23.272,9.64],"rotation":{"angle":-22.5,"axis":"z","origin":[19.352001,19.119999,7.12]},"faces":{"east":{"uv":[11.6875,11.6875,11.5625,12.125],"rotation":0,"texture":"#0","tintindex":0},"south":{"uv":[11.8125,9.3125,11.6875,9.75],"rotation":0,"texture":"#0","tintindex":0},"north":{"uv":[4.375,11.625,4.25,12.0625],"rotation":0,"texture":"#0","tintindex":0},"west":{"uv":[11.0625,11.625,10.9375,12.0625],"rotation":0,"texture":"#0","tintindex":0},"up":{"uv":[5.4375,11.9375,5.5625,11.8125],"rotation":0,"texture":"#0","tintindex":0},"down":{"uv":[11.8125,5.4375,11.9375,5.5625],"rotation":0,"texture":"#0","tintindex":0}}},{"from":[17.576,18.112,8.488],"to":[18.704,21.352001,9.64],"rotation":{"angle":-22.5,"axis":"z","origin":[19.352001,19.119999,7.12]},"faces":{"east":{"uv":[9.6875,11.5625,9.5625,12.0],"rotation":0,"texture":"#0","tintindex":0},"south":{"uv":[5.4375,11.5625,5.3125,12.0],"rotation":0,"texture":"#0","tintindex":0},"north":{"uv":[5.375,7.625,5.25,8.0625],"rotation":0,"texture":"#0","tintindex":0},"west":{"uv":[4.125,10.375,4.0,10.8125],"rotation":0,"texture":"#0","tintindex":0},"up":{"uv":[11.8125,5.0,11.9375,4.875],"rotation":0,"texture":"#0","tintindex":0},"down":{"uv":[11.8125,5.0,11.9375,5.125],"rotation":0,"texture":"#0","tintindex":0}}},{"from":[18.536,21.832,7.888],"to":[19.664001,24.592001,9.04],"rotation":{"angle":22.5,"axis":"x","origin":[19.352001,19.119999,7.12]},"faces":{"east":{"uv":[10.875,9.75,10.75,10.125],"rotation":0,"texture":"#0","tintindex":0},"south":{"uv":[0.4375,10.5,0.3125,10.875],"rotation":0,"texture":"#0","tintindex":0},"north":{"uv":[5.5625,2.5,5.4375,2.875],"rotation":0,"texture":"#0","tintindex":0},"west":{"uv":[5.25,10.3125,5.125,10.6875],"rotation":0,"texture":"#0","tintindex":0},"up":{"uv":[11.5,9.4375,11.625,9.3125],"rotation":0,"texture":"#0","tintindex":0},"down":{"uv":[10.1875,11.5,10.3125,11.625],"rotation":0,"texture":"#0","tintindex":0}}},{"from":[19.855999,22.552002,9.928],"to":[20.504002,26.632002,10.72],"rotation":{"angle":22.5,"axis":"z","origin":[19.352001,19.119999,7.12]},"faces":{"east":{"uv":[5.3125,11.4375,5.1875,12.0],"rotation":0,"texture":"#0","tintindex":0},"south":{"uv":[3.9375,1.4375,3.875,2.0],"rotation":0,"texture":"#0","tintindex":0},"north":{"uv":[1.8125,3.25,1.75,3.8125],"rotation":0,"texture":"#0","tintindex":0},"west":{"uv":[3.25,11.4375,3.125,12.0],"rotation":0,"texture":"#0","tintindex":0},"up":{"uv":[5.375,1.25,5.4375,1.125],"rotation":0,"texture":"#0","tintindex":0},"down":{"uv":[9.1875,6.0,9.25,6.125],"rotation":0,"texture":"#0","tintindex":0}}},{"from":[19.136002,22.911999,9.928],"to":[19.784,27.112,10.72],"rotation":{"angle":0.0,"axis":"y","origin":[19.352001,19.119999,7.12]},"faces":{"east":{"uv":[9.3125,11.4375,9.1875,12.0],"rotation":0,"texture":"#0","tintindex":0},"south":{"uv":[5.4375,0.5625,5.375,1.125],"rotation":0,"texture":"#0","tintindex":0},"north":{"uv":[5.4375,0.0,5.375,0.5625],"rotation":0,"texture":"#0","tintindex":0},"west":{"uv":[7.125,11.4375,7.0,12.0],"rotation":0,"texture":"#0","tintindex":0},"up":{"uv":[9.25,7.0625,9.3125,6.9375],"rotation":0,"texture":"#0","tintindex":0},"down":{"uv":[9.5,1.75,9.5625,1.875],"rotation":0,"texture":"#0","tintindex":0}}},{"from":[22.136002,26.152,10.048],"to":[22.784,28.432001,10.6],"rotation":{"angle":22.5,"axis":"z","origin":[19.352001,19.119999,7.12]},"faces":{"east":{"uv":[7.0,9.5625,6.9375,9.875],"rotation":0,"texture":"#0","tintindex":0},"south":{"uv":[9.3125,6.625,9.25,6.9375],"rotation":0,"texture":"#0","tintindex":0},"north":{"uv":[7.4375,7.875,7.375,8.1875],"rotation":0,"texture":"#0","tintindex":0},"west":{"uv":[1.5,9.1875,1.4375,9.5],"rotation":0,"texture":"#0","tintindex":0},"up":{"uv":[7.8125,5.375,7.875,5.3125],"rotation":0,"texture":"#0","tintindex":0},"down":{"uv":[2.4375,8.0,2.5,8.0625],"rotation":0,"texture":"#0","tintindex":0}}},{"from":[9.29024,9.65248,3.9475198],"to":[10.43936,11.063681,6.528],"rotation":{"angle":-22.5,"axis":"x","origin":[8.26208,10.096,2.6976]},"faces":{"east":{"uv":[11.25,8.1875,11.625,8.4375],"rotation":0,"texture":"#0","tintindex":0},"south":{"uv":[11.75,2.6875,11.9375,2.9375],"rotation":0,"texture":"#0","tintindex":0},"north":{"uv":[11.6875,11.125,11.875,11.375],"rotation":0,"texture":"#0","tintindex":0},"west":{"uv":[9.9375,11.25,10.3125,11.5],"rotation":0,"texture":"#0","tintindex":0},"up":{"uv":[9.8125,6.0,9.625,5.625],"rotation":0,"texture":"#0","tintindex":0},"down":{"uv":[11.6875,8.4375,11.5,8.8125],"rotation":0,"texture":"#0","tintindex":0}}},{"from":[6.776,8.632,4.0],"to":[10.664,9.352,5.2],"rotation":{"angle":-22.5,"axis":"x","origin":[8.312,10.0,1.8400002]},"faces":{"east":{"uv":[10.3125,1.5,10.5,1.625],"rotation":0,"texture":"#0","tintindex":0},"south":{"uv":[11.4375,10.0,11.9375,10.125],"rotation":0,"texture":"#0","tintindex":0},"north":{"uv":[11.4375,4.5,11.9375,4.625],"rotation":0,"texture":"#0","tintindex":0},"west":{"uv":[10.375,6.9375,10.5625,7.0625],"rotation":0,"texture":"#0","tintindex":0},"up":{"uv":[11.875,1.375,11.375,1.1875],"rotation":0,"texture":"#0","tintindex":0},"down":{"uv":[11.875,1.375,11.375,1.5625],"rotation":0,"texture":"#0","tintindex":0}}},{"from":[5.336,8.632,4.0],"to":[9.224,9.352,5.2],"rotation":{"angle":-22.5,"axis":"x","origin":[7.688,10.0,1.8400002]},"faces":{"east":{"uv":[10.5625,6.9375,10.375,7.0625],"rotation":0,"texture":"#0","tintindex":0},"south":{"uv":[11.9375,10.0,11.4375,10.125],"rotation":0,"texture":"#0","tintindex":0},"north":{"uv":[11.9375,4.5,11.4375,4.625],"rotation":0,"texture":"#0","tintindex":0},"west":{"uv":[10.5,1.5,10.3125,1.625],"rotation":0,"texture":"#0","tintindex":0},"up":{"uv":[11.375,1.375,11.875,1.1875],"rotation":0,"texture":"#0","tintindex":0},"down":{"uv":[11.375,1.375,11.875,1.5625],"rotation":0,"texture":"#0","tintindex":0}}},{"from":[5.2582397,9.04768,5.3184],"to":[10.74176,12.07168,9.2496],"rotation":{"angle":0.0,"axis":"y","origin":[7.75808,10.096,2.6976]},"faces":{"east":{"uv":[9.5,7.625,10.125,8.125],"rotation":0,"texture":"#0","tintindex":0},"south":{"uv":[9.125,0.0,10.0,0.5],"rotation":0,"texture":"#0","tintindex":0},"north":{"uv":[8.9375,3.75,9.8125,4.25],"rotation":0,"texture":"#0","tintindex":0},"west":{"uv":[9.5,8.125,10.125,8.625],"rotation":0,"texture":"#0","tintindex":0},"up":{"uv":[8.9375,4.375,8.0625,3.75],"rotation":0,"texture":"#0","tintindex":0},"down":{"uv":[9.125,4.375,8.25,5.0],"rotation":0,"texture":"#0","tintindex":0}}},{"from":[3.416,11.272,5.4399996],"to":[5.264,12.232,7.36],"rotation":{"angle":22.5,"axis":"x","origin":[7.712,10.0,1.8400002]},"faces":{"east":{"uv":[9.9375,11.75,10.1875,11.875],"rotation":0,"texture":"#0","tintindex":0},"south":{"uv":[11.75,10.875,12.0,11.0],"rotation":0,"texture":"#0","tintindex":0},"north":{"uv":[2.75,9.75,3.0,9.875],"rotation":0,"texture":"#0","tintindex":0},"west":{"uv":[11.75,11.0,12.0,11.125],"rotation":0,"texture":"#0","tintindex":0},"up":{"uv":[2.3125,11.8125,2.0625,11.5625],"rotation":0,"texture":"#0","tintindex":0},"down":{"uv":[11.8125,3.25,11.5625,3.5],"rotation":0,"texture":"#0","tintindex":0}}},{"from":[2.5759997,13.0720005,5.4399996],"to":[5.264,13.792,6.4],"rotation":{"angle":45.0,"axis":"x","origin":[7.712,10.0,1.8400002]},"faces":{"east":{"uv":[9.4375,11.8125,9.5625,11.9375],"rotation":0,"texture":"#0","tintindex":0},"south":{"uv":[9.8125,1.625,10.1875,1.75],"rotation":0,"texture":"#0","tintindex":0},"north":{"uv":[9.125,1.75,9.5,1.875],"rotation":0,"texture":"#0","tintindex":0},"west":{"uv":[11.8125,9.4375,11.9375,9.5625],"rotation":0,"texture":"#0","tintindex":0},"up":{"uv":[10.9375,7.4375,10.5625,7.3125],"rotation":0,"texture":"#0","tintindex":0},"down":{"uv":[11.9375,1.0,11.5625,1.125],"rotation":0,"texture":"#0","tintindex":0}}},{"from":[10.736,11.272,5.4399996],"to":[12.584,12.232,7.36],"rotation":{"angle":22.5,"axis":"x","origin":[8.288,10.0,1.8400002]},"faces":{"east":{"uv":[11.3125,11.75,11.5625,11.875],"rotation":0,"texture":"#0","tintindex":0},"south":{"uv":[0.5625,11.8125,0.8125,11.9375],"rotation":0,"texture":"#0","tintindex":0},"north":{"uv":[11.0625,11.75,11.3125,11.875],"rotation":0,"texture":"#0","tintindex":0},"west":{"uv":[11.8125,0.8125,12.0625,0.9375],"rotation":0,"texture":"#0","tintindex":0},"up":{"uv":[7.875,11.8125,7.625,11.5625],"rotation":0,"texture":"#0","tintindex":0},"down":{"uv":[9.5625,11.5625,9.3125,11.8125],"rotation":0,"texture":"#0","tintindex":0}}},{"from":[10.736,13.0720005,5.4399996],"to":[13.424,13.792,6.4],"rotation":{"angle":45.0,"axis":"x","origin":[8.288,10.0,1.8400002]},"faces":{"east":{"uv":[11.8125,9.5625,11.9375,9.6875],"rotation":0,"texture":"#0","tintindex":0},"south":{"uv":[11.6875,4.375,12.0625,4.5],"rotation":0,"texture":"#0","tintindex":0},"north":{"uv":[11.625,6.4375,12.0,6.5625],"rotation":0,"texture":"#0","tintindex":0},"west":{"uv":[11.8125,11.375,11.9375,11.5],"rotation":0,"texture":"#0","tintindex":0},"up":{"uv":[12.125,3.75,11.75,3.625],"rotation":0,"texture":"#0","tintindex":0},"down":{"uv":[12.125,3.75,11.75,3.875],"rotation":0,"texture":"#0","tintindex":0}}},{"from":[6.74,8.08,-0.5279999],"to":[9.26,9.6928,5.9231997],"rotation":{"angle":0.0,"axis":"y","origin":[7.748,-4.0160007,5.52]},"faces":{"east":{"uv":[9.8125,6.1875,10.8125,6.4375],"rotation":0,"texture":"#0","tintindex":0},"south":{"uv":[11.375,2.0,11.75,2.25],"rotation":0,"texture":"#0","tintindex":0},"north":{"uv":[9.3125,11.3125,9.6875,11.5625],"rotation":0,"texture":"#0","tintindex":0},"west":{"uv":[9.75,9.875,10.75,10.125],"rotation":0,"texture":"#0","tintindex":0},"up":{"uv":[5.75,6.875,5.375,5.875],"rotation":0,"texture":"#0","tintindex":0},"down":{"uv":[6.0625,9.25,5.6875,10.25],"rotation":0,"texture":"#0","tintindex":0}}},{"from":[6.992,7.072,-0.5279999],"to":[9.008,8.08,5.9231997],"rotation":{"angle":0.0,"axis":"y","origin":[7.6976,-4.0160007,5.52]},"faces":{"east":{"uv":[10.1875,3.5,11.1875,3.6875],"rotation":0,"texture":"#0","tintindex":0},"south":{"uv":[7.0625,3.1875,7.375,3.375],"rotation":0,"texture":"#0","tintindex":0},"north":{"uv":[4.3125,1.25,4.625,1.4375],"rotation":0,"texture":"#0","tintindex":0},"west":{"uv":[10.3125,0.8125,11.3125,1.0],"rotation":0,"texture":"#0","tintindex":0},"up":{"uv":[6.625,9.1875,6.3125,8.1875],"rotation":0,"texture":"#0","tintindex":0},"down":{"uv":[1.0,9.375,0.6875,10.375],"rotation":0,"texture":"#0","tintindex":0}}},{"from":[7.1432,8.08,-1.3344002],"to":[8.8568,9.2896,-0.5279999],"rotation":{"angle":0.0,"axis":"y","origin":[7.748,-4.0160007,5.52]},"faces":{"east":{"uv":[2.1875,11.8125,2.3125,12.0],"rotation":0,"texture":"#0","tintindex":0},"south":{"uv":[11.75,6.0,12.0,6.1875],"rotation":0,"texture":"#0","tintindex":0},"north":{"uv":[11.75,5.125,12.0,5.3125],"rotation":0,"texture":"#0","tintindex":0},"west":{"uv":[11.8125,3.25,11.9375,3.4375],"rotation":0,"texture":"#0","tintindex":0},"up":{"uv":[1.4375,11.9375,1.1875,11.8125],"rotation":0,"texture":"#0","tintindex":0},"down":{"uv":[1.6875,11.8125,1.4375,11.9375],"rotation":0,"texture":"#0","tintindex":0}}},{"from":[7.5464,7.4348803,-1.1731205],"to":[8.4536,8.08,-0.3667202],"rotation":{"angle":0.0,"axis":"y","origin":[7.748,-4.0160007,5.52]},"faces":{"east":{"uv":[11.8125,11.625,11.9375,11.75],"rotation":0,"texture":"#0","tintindex":0},"south":{"uv":[11.8125,11.75,11.9375,11.875],"rotation":0,"texture":"#0","tintindex":0},"north":{"uv":[11.8125,11.5,11.9375,11.625],"rotation":0,"texture":"#0","tintindex":0},"west":{"uv":[0.0,11.875,0.125,12.0],"rotation":0,"texture":"#0","tintindex":0},"up":{"uv":[12.0,0.125,11.875,0.0],"rotation":0,"texture":"#0","tintindex":0},"down":{"uv":[12.0,0.125,11.875,0.25],"rotation":0,"texture":"#0","tintindex":0}}}],"display":{"head":{"translation":[0.0,-6.4,0.0],"scale":[4.0,4.0,4.0]}}}