{"textures":{"0":"modelengine:entity/deer_spirit"},"elements":[{"from":[8.0,0.0,8.0],"to":[8.571428,8.571428,8.0],"rotation":{"angle":0.0,"axis":"y","origin":[21.142857,-5.1428576,8.0]},"faces":{"east":{"uv":[0.0,0.0,0.0,0.9375],"rotation":0,"texture":"#0","tintindex":0},"south":{"uv":[0.0,0.0,0.0625,0.9375],"rotation":0,"texture":"#0","tintindex":0},"north":{"uv":[0.0,0.0,0.0625,0.9375],"rotation":0,"texture":"#0","tintindex":0},"west":{"uv":[0.0,0.0,0.0,0.9375],"rotation":0,"texture":"#0","tintindex":0},"up":{"uv":[0.0,0.0,0.0625,0.0],"rotation":0,"texture":"#0","tintindex":0},"down":{"uv":[0.0,0.0,0.0625,0.0],"rotation":0,"texture":"#0","tintindex":0}}}],"display":{"head":{"translation":[0.0,-6.4,0.0],"scale":[4.0,4.0,4.0]}}}