{"parent":"minecraft:item/generated","textures":{"layer0":"minecraft:item/leather_horse_armor"},"overrides":[{"predicate":{"custom_model_data":1},"model":"modelengine:deer_healing/bone"},{"predicate":{"custom_model_data":2},"model":"modelengine:deer_spirit/head"},{"predicate":{"custom_model_data":3},"model":"modelengine:deer_spirit/jaw"},{"predicate":{"custom_model_data":4},"model":"modelengine:deer_spirit/leaf1"},{"predicate":{"custom_model_data":5},"model":"modelengine:deer_spirit/leaf2"},{"predicate":{"custom_model_data":6},"model":"modelengine:deer_spirit/leaf3"},{"predicate":{"custom_model_data":7},"model":"modelengine:deer_spirit/leaf4"},{"predicate":{"custom_model_data":8},"model":"modelengine:deer_spirit/leaf5"},{"predicate":{"custom_model_data":9},"model":"modelengine:deer_spirit/neck"},{"predicate":{"custom_model_data":10},"model":"modelengine:deer_spirit/body"},{"predicate":{"custom_model_data":11},"model":"modelengine:deer_spirit/left_frontarm"},{"predicate":{"custom_model_data":12},"model":"modelengine:deer_spirit/left_hand"},{"predicate":{"custom_model_data":13},"model":"modelengine:deer_spirit/left_arm"},{"predicate":{"custom_model_data":14},"model":"modelengine:deer_spirit/right_frontarm"},{"predicate":{"custom_model_data":15},"model":"modelengine:deer_spirit/right_hand"},{"predicate":{"custom_model_data":16},"model":"modelengine:deer_spirit/right_arm"},{"predicate":{"custom_model_data":17},"model":"modelengine:deer_spirit/hip"},{"predicate":{"custom_model_data":18},"model":"modelengine:deer_spirit/left_frontleg"},{"predicate":{"custom_model_data":19},"model":"modelengine:deer_spirit/left_foot"},{"predicate":{"custom_model_data":20},"model":"modelengine:deer_spirit/left_leg"},{"predicate":{"custom_model_data":21},"model":"modelengine:deer_spirit/right_frontleg"},{"predicate":{"custom_model_data":22},"model":"modelengine:deer_spirit/right_foot"},{"predicate":{"custom_model_data":23},"model":"modelengine:deer_spirit/right_leg"},{"predicate":{"custom_model_data":24},"model":"modelengine:hana/lefthand"},{"predicate":{"custom_model_data":25},"model":"modelengine:hana/magic"},{"predicate":{"custom_model_data":26},"model":"modelengine:hana/wood"},{"predicate":{"custom_model_data":27},"model":"modelengine:hana/left_arm"},{"predicate":{"custom_model_data":28},"model":"modelengine:hana/righthand"},{"predicate":{"custom_model_data":29},"model":"modelengine:hana/stone_sword"},{"predicate":{"custom_model_data":30},"model":"modelengine:hana/right_arm"},{"predicate":{"custom_model_data":31},"model":"modelengine:hana/head"},{"predicate":{"custom_model_data":32},"model":"modelengine:hana/body"},{"predicate":{"custom_model_data":33},"model":"modelengine:hana/left_frontleg"},{"predicate":{"custom_model_data":34},"model":"modelengine:hana/left_leg"},{"predicate":{"custom_model_data":35},"model":"modelengine:hana/right_frontleg"},{"predicate":{"custom_model_data":36},"model":"modelengine:hana/right_leg"},{"predicate":{"custom_model_data":37},"model":"modelengine:hana/hip"},{"predicate":{"custom_model_data":38},"model":"modelengine:light_beam/body"}]}